CDU_FIELD_NAME,CENSUS_CELLNAME,TOPIC,CATEGORY,TOPIC_DESCRIPTION,
F1219,QS203EW0001,Unit,Persons,The unit is for a particular count (e.g. people or households),
F1219,QS203EW0001,Country of birth (condensed for England and Wales) [E][W],Total\ Country of birth (detailed),"Country of birth is the country in which a person was born. The country of birth question included six tick-box responses: one for each of the four parts of the UK (England, Wales, Scotland and Northern Ireland); one for the Republic of Ireland; and one for 'Elsewhere'. 
<br/>
Where a person ticked 'elsewhere', they were asked to write in the current name of the country in which they were born. Responses are assigned codes based on the <a href="http://www.ons.gov.uk/ons/guide-method/classifications/current-standard-classifications/national-statistics-country-classification/index.html" target="_blank">National Statistics Country Classification</a>.<br/>
The grouping of countries within the classification is broadly regional, but takes into account the grouping of European Union (EU) countries. Countries in the EU are grouped into those that were EU members in March 2001, and those that became members (accession countries) between April 2001 and March 2011 as part of the EU enlargement process.
<br/>
When a person's written response to the country of birth question was a former country name, and the country that it relates to no longer exists and is not wholly contained within the geographic boundary of a current country, the response was coded to one of the additional categories contained in the 'Former country' grouping. For example, 'Czechoslovakia' was coded to 'Czechoslovakia not otherwise specified'.",
F1221,QS203EW0003,Country of birth (condensed for England and Wales) [E][W],Europe\ United Kingdom,"Country of birth is the country in which a person was born. The country of birth question included six tick-box responses: one for each of the four parts of the UK (England, Wales, Scotland and Northern Ireland); one for the Republic of Ireland; and one for 'Elsewhere'. 
<br/>
Where a person ticked 'elsewhere', they were asked to write in the current name of the country in which they were born. Responses are assigned codes based on the <a href="http://www.ons.gov.uk/ons/guide-method/classifications/current-standard-classifications/national-statistics-country-classification/index.html" target="_blank">National Statistics Country Classification</a>.<br/>
The grouping of countries within the classification is broadly regional, but takes into account the grouping of European Union (EU) countries. Countries in the EU are grouped into those that were EU members in March 2001, and those that became members (accession countries) between April 2001 and March 2011 as part of the EU enlargement process.
<br/>
When a person's written response to the country of birth question was a former country name, and the country that it relates to no longer exists and is not wholly contained within the geographic boundary of a current country, the response was coded to one of the additional categories contained in the 'Former country' grouping. For example, 'Czechoslovakia' was coded to 'Czechoslovakia not otherwise specified'.",
F1221,QS203EW0003,Unit,Persons,The unit is for a particular count (e.g. people or households),
F1235,QS203EW0017,Unit,Persons,The unit is for a particular count (e.g. people or households),
F1235,QS203EW0017,Country of birth (condensed for England and Wales) [E][W],Member countries in March 2001,"Country of birth is the country in which a person was born. The country of birth question included six tick-box responses: one for each of the four parts of the UK (England, Wales, Scotland and Northern Ireland); one for the Republic of Ireland; and one for 'Elsewhere'. 
<br/>
Where a person ticked 'elsewhere', they were asked to write in the current name of the country in which they were born. Responses are assigned codes based on the <a href="http://www.ons.gov.uk/ons/guide-method/classifications/current-standard-classifications/national-statistics-country-classification/index.html" target="_blank">National Statistics Country Classification</a>.<br/>
The grouping of countries within the classification is broadly regional, but takes into account the grouping of European Union (EU) countries. Countries in the EU are grouped into those that were EU members in March 2001, and those that became members (accession countries) between April 2001 and March 2011 as part of the EU enlargement process.
<br/>
When a person's written response to the country of birth question was a former country name, and the country that it relates to no longer exists and is not wholly contained within the geographic boundary of a current country, the response was coded to one of the additional categories contained in the 'Former country' grouping. For example, 'Czechoslovakia' was coded to 'Czechoslovakia not otherwise specified'.",
F1242,QS203EW0024,Country of birth (condensed for England and Wales) [E][W],Accession countries April 2001 to March 2011,"Country of birth is the country in which a person was born. The country of birth question included six tick-box responses: one for each of the four parts of the UK (England, Wales, Scotland and Northern Ireland); one for the Republic of Ireland; and one for 'Elsewhere'. 
<br/>
Where a person ticked 'elsewhere', they were asked to write in the current name of the country in which they were born. Responses are assigned codes based on the <a href="http://www.ons.gov.uk/ons/guide-method/classifications/current-standard-classifications/national-statistics-country-classification/index.html" target="_blank">National Statistics Country Classification</a>.<br/>
The grouping of countries within the classification is broadly regional, but takes into account the grouping of European Union (EU) countries. Countries in the EU are grouped into those that were EU members in March 2001, and those that became members (accession countries) between April 2001 and March 2011 as part of the EU enlargement process.
<br/>
When a person's written response to the country of birth question was a former country name, and the country that it relates to no longer exists and is not wholly contained within the geographic boundary of a current country, the response was coded to one of the additional categories contained in the 'Former country' grouping. For example, 'Czechoslovakia' was coded to 'Czechoslovakia not otherwise specified'.",
F1242,QS203EW0024,Unit,Persons,The unit is for a particular count (e.g. people or households),
F1247,QS203EW0029,Unit,Persons,The unit is for a particular count (e.g. people or households),
F1247,QS203EW0029,Country of birth (condensed for England and Wales) [E][W],Europe\ Other Europe\ Rest of Europe,"Country of birth is the country in which a person was born. The country of birth question included six tick-box responses: one for each of the four parts of the UK (England, Wales, Scotland and Northern Ireland); one for the Republic of Ireland; and one for 'Elsewhere'. 
<br/>
Where a person ticked 'elsewhere', they were asked to write in the current name of the country in which they were born. Responses are assigned codes based on the <a href="http://www.ons.gov.uk/ons/guide-method/classifications/current-standard-classifications/national-statistics-country-classification/index.html" target="_blank">National Statistics Country Classification</a>.<br/>
The grouping of countries within the classification is broadly regional, but takes into account the grouping of European Union (EU) countries. Countries in the EU are grouped into those that were EU members in March 2001, and those that became members (accession countries) between April 2001 and March 2011 as part of the EU enlargement process.
<br/>
When a person's written response to the country of birth question was a former country name, and the country that it relates to no longer exists and is not wholly contained within the geographic boundary of a current country, the response was coded to one of the additional categories contained in the 'Former country' grouping. For example, 'Czechoslovakia' was coded to 'Czechoslovakia not otherwise specified'.",
F1250,QS203EW0032,Country of birth (condensed for England and Wales) [E][W],Africa,"Country of birth is the country in which a person was born. The country of birth question included six tick-box responses: one for each of the four parts of the UK (England, Wales, Scotland and Northern Ireland); one for the Republic of Ireland; and one for 'Elsewhere'. 
<br/>
Where a person ticked 'elsewhere', they were asked to write in the current name of the country in which they were born. Responses are assigned codes based on the <a href="http://www.ons.gov.uk/ons/guide-method/classifications/current-standard-classifications/national-statistics-country-classification/index.html" target="_blank">National Statistics Country Classification</a>.<br/>
The grouping of countries within the classification is broadly regional, but takes into account the grouping of European Union (EU) countries. Countries in the EU are grouped into those that were EU members in March 2001, and those that became members (accession countries) between April 2001 and March 2011 as part of the EU enlargement process.
<br/>
When a person's written response to the country of birth question was a former country name, and the country that it relates to no longer exists and is not wholly contained within the geographic boundary of a current country, the response was coded to one of the additional categories contained in the 'Former country' grouping. For example, 'Czechoslovakia' was coded to 'Czechoslovakia not otherwise specified'.",
F1250,QS203EW0032,Unit,Persons,The unit is for a particular count (e.g. people or households),
F1263,QS203EW0045,Unit,Persons,The unit is for a particular count (e.g. people or households),
F1263,QS203EW0045,Country of birth (condensed for England and Wales) [E][W],Middle East and Asia,"Country of birth is the country in which a person was born. The country of birth question included six tick-box responses: one for each of the four parts of the UK (England, Wales, Scotland and Northern Ireland); one for the Republic of Ireland; and one for 'Elsewhere'. 
<br/>
Where a person ticked 'elsewhere', they were asked to write in the current name of the country in which they were born. Responses are assigned codes based on the <a href="http://www.ons.gov.uk/ons/guide-method/classifications/current-standard-classifications/national-statistics-country-classification/index.html" target="_blank">National Statistics Country Classification</a>.<br/>
The grouping of countries within the classification is broadly regional, but takes into account the grouping of European Union (EU) countries. Countries in the EU are grouped into those that were EU members in March 2001, and those that became members (accession countries) between April 2001 and March 2011 as part of the EU enlargement process.
<br/>
When a person's written response to the country of birth question was a former country name, and the country that it relates to no longer exists and is not wholly contained within the geographic boundary of a current country, the response was coded to one of the additional categories contained in the 'Former country' grouping. For example, 'Czechoslovakia' was coded to 'Czechoslovakia not otherwise specified'.",
F1281,QS203EW0063,Country of birth (condensed for England and Wales) [E][W],The Americas and the Caribbean,"Country of birth is the country in which a person was born. The country of birth question included six tick-box responses: one for each of the four parts of the UK (England, Wales, Scotland and Northern Ireland); one for the Republic of Ireland; and one for 'Elsewhere'. 
<br/>
Where a person ticked 'elsewhere', they were asked to write in the current name of the country in which they were born. Responses are assigned codes based on the <a href="http://www.ons.gov.uk/ons/guide-method/classifications/current-standard-classifications/national-statistics-country-classification/index.html" target="_blank">National Statistics Country Classification</a>.<br/>
The grouping of countries within the classification is broadly regional, but takes into account the grouping of European Union (EU) countries. Countries in the EU are grouped into those that were EU members in March 2001, and those that became members (accession countries) between April 2001 and March 2011 as part of the EU enlargement process.
<br/>
When a person's written response to the country of birth question was a former country name, and the country that it relates to no longer exists and is not wholly contained within the geographic boundary of a current country, the response was coded to one of the additional categories contained in the 'Former country' grouping. For example, 'Czechoslovakia' was coded to 'Czechoslovakia not otherwise specified'.",
F1281,QS203EW0063,Unit,Persons,The unit is for a particular count (e.g. people or households),
F1290,QS203EW0072,Unit,Persons,The unit is for a particular count (e.g. people or households),
F1290,QS203EW0072,Country of birth (condensed for England and Wales) [E][W],Antarctica and Oceania,"Country of birth is the country in which a person was born. The country of birth question included six tick-box responses: one for each of the four parts of the UK (England, Wales, Scotland and Northern Ireland); one for the Republic of Ireland; and one for 'Elsewhere'. 
<br/>
Where a person ticked 'elsewhere', they were asked to write in the current name of the country in which they were born. Responses are assigned codes based on the <a href="http://www.ons.gov.uk/ons/guide-method/classifications/current-standard-classifications/national-statistics-country-classification/index.html" target="_blank">National Statistics Country Classification</a>.<br/>
The grouping of countries within the classification is broadly regional, but takes into account the grouping of European Union (EU) countries. Countries in the EU are grouped into those that were EU members in March 2001, and those that became members (accession countries) between April 2001 and March 2011 as part of the EU enlargement process.
<br/>
When a person's written response to the country of birth question was a former country name, and the country that it relates to no longer exists and is not wholly contained within the geographic boundary of a current country, the response was coded to one of the additional categories contained in the 'Former country' grouping. For example, 'Czechoslovakia' was coded to 'Czechoslovakia not otherwise specified'.",
